ocean_proximity,proportion
INLAND,0.9988431664187738
<1H OCEAN,0.0011568335812262437
