,mean,std
longitude,-119.34203567274136,2.3334446324859446
latitude,34.74675455602947,2.286363777565725
housing_median_age,29.779759596742924,11.736684736332409
total_rooms,2348.141915471113,1259.6898509480159
total_bedrooms,494.3648489603766,257.4577289917874
population,1239.6114773167894,702.9849211332199
households,460.5552539744087,234.86614453357012
median_income,3.9772996898022495,2.0113478377250122
median_house_value,248440.48196975573,122623.6291078497
