,mean,std
longitude,-118.8419388235294,1.5756688133800683
latitude,34.55212117647059,1.4500649455449162
housing_median_age,30.183882352941175,11.32877612958386
total_rooms,2227.108823529412,1141.5104070715558
total_bedrooms,462.81423301201954,233.1299443177602
population,1315.8922352941177,674.81635745053
households,441.1410588235294,216.3961185774029
median_income,4.218706247058824,2.0121310717038874
median_house_value,239286.85894117647,106649.76617093706
