,mean,std
longitude,-122.24133611691023,0.18679270996531755
latitude,37.83006263048017,0.23585816832818118
housing_median_age,26.014613778705638,12.120463841424312
total_rooms,4453.13152400835,1504.9066282174097
total_bedrooms,934.2489451476794,316.5015576463131
population,2139.5427974947806,772.1238097338069
households,878.901878914405,290.40298212268925
median_income,4.438888726513571,1.8663176314391825
median_house_value,272569.375782881,111492.62879366925
