,mean,std
longitude,-122.26876329043088,0.14740108926076095
latitude,37.7958477895915,0.18617591922600157
housing_median_age,41.17683268047006,11.092912117968973
total_rooms,1823.652490207051,798.2995488930408
total_bedrooms,375.3716864072194,169.5448429109758
population,916.7599328483492,409.2412379315356
households,357.20201454952434,158.98807957588238
median_income,4.087903301622831,2.0531343676346276
median_house_value,255423.81757134863,126024.58023995809
