ocean_proximity,proportion
NEAR BAY,0.9994404029099049
<1H OCEAN,0.0005595970900951316
