,mean,std
longitude,-118.95649517684888,1.8791920087551341
latitude,35.12487942122187,1.905026902573269
housing_median_age,15.334405144694534,8.477070841756612
total_rooms,8606.09887459807,4196.333117786187
total_bedrooms,1708.4632174616006,717.1533879568055
population,4356.481511254019,2198.287199591166
households,1554.453376205788,649.6072941413336
median_income,4.2013231511254014,1.7238661342540595
median_house_value,212506.06350482316,101531.23480305127
