ocean_proximity,proportion
NEAR BAY,0.9937369519832986
<1H OCEAN,0.006263048016701462
