ocean_proximity,proportion
NEAR OCEAN,0.9980612640558356
ISLAND,0.0019387359441644049
