,mean,std
longitude,-119.80653610973393,1.8800878033329522
latitude,36.816985622211206,2.1040365855533416
housing_median_age,25.224590976698067,11.820515719634521
total_rooms,2200.9524045612297,1224.8168840227474
total_bedrooms,436.7863931965983,237.67040351872444
population,1149.7676417121138,666.6826121472983
households,393.3191208064783,213.60638117566253
median_income,3.159218905965956,1.4240947109032709
median_house_value,122868.47149231532,70266.70050982537
