ocean_proximity,proportion
<1H OCEAN,0.9998823529411764
INLAND,0.00011764705882352942
