ocean_proximity,proportion
<1H OCEAN,0.5032154340836013
INLAND,0.4067524115755627
NEAR OCEAN,0.06752411575562701
NEAR BAY,0.022508038585209004
